predicted_position,driver,team,supplier,category,p_pu,p_mech,p_incident,p_dnf,p_tyre,pace_gap_pct,quali_gap_pct,grid,specialist_score,noise_mult,exp_finish,win_%,top3_%,points_%,dnf_%
1,RUS,Mercedes,Mercedes,,0.03398366828027969,0.010149045989676971,0.0520573566084788,0.11169437747198718,0.02,0.027846936619990853,0.0,1,1.0,1.2427728386023515,4.192,58.01,74.62,86.18,11.16
2,ANT,Mercedes,Mercedes,,0.03398366828027969,0.010149045989676971,0.012468827930174564,0.07459644453510539,0.02,0.3073616390570237,0.338,16,0.0,0.8300054703239165,4.7164,16.68,61.519999999999996,88.4,7.55
3,NOR,McLaren,Mercedes,,0.03398366828027969,0.060910224438902746,0.010842459069717012,0.12060675997493919,0.02,0.8357742836430111,1.117765249790298,5,1.875,0.8130482350642751,6.6541,4.38,33.910000000000004,81.94,11.57
4,PIA,McLaren,Mercedes,,0.03398366828027969,0.060910224438902746,0.06246882793017457,0.1665042817592134,0.02,0.8519030719143704,0.8173536468798237,3,-1.8333333333333333,1.3513274063228218,7.2602,5.779999999999999,35.75,77.9,16.400000000000002
5,HAD,Red Bull Racing,Red Bull-Ford,,0.03054862842892768,0.03340485994316534,0.07349273874138185,0.1491646220814431,0.02,0.9721463477513957,0.9500029260870451,4,-0.5,1.4662675368503786,7.5104,3.3000000000000003,26.91,78.11,14.879999999999999
6,LEC,Ferrari,Ferrari,,0.0385275343750715,0.07991648785014209,0.09372402327514547,0.21431105315825372,0.02,0.7159574750286181,0.8163782845327071,2,-2.875,1.6,7.6004,10.26,44.16,73.45,21.84
7,HAM,Ferrari,Ferrari,,0.0385275343750715,0.07991648785014209,0.010390689941812137,0.1420658645126357,0.02,1.081298442230582,1.299182646353128,6,0.375,0.8083378919365971,7.9209,1.15,15.75,77.24,13.88
8,GAS,Alpine,Mercedes,,0.03398366828027969,0.010149045989676971,0.0520573566084788,0.11169437747198718,0.02,1.6371308243449387,1.48352612995728,7,1.375,1.2427728386023515,9.4891,0.09,2.88,69.39,11.1
9,VER,Red Bull Racing,Red Bull-Ford,,0.03054862842892768,0.03340485994316534,0.09372402327514547,0.16774352949192473,0.02,1.6868401158389403,1.5166884497590922,8,-1.5,1.6,10.349,0.06,2.35,64.05,16.09
10,COL,Alpine,Mercedes,,0.03398366828027969,0.010149045989676971,0.01187507421921387,0.07404004509098261,0.02,2.015507558664425,2.376958039911825,10,-0.6,0.8238147336418252,10.9341,0.01,0.26,56.35,7.580000000000001
11,LAW,Racing Bulls,Red Bull-Ford,,0.03054862842892768,0.012835558163414992,0.06246882793017457,0.12071973628691923,0.02,2.1398415091558887,2.2764957181592993,12,-0.5,1.3513274063228218,12.1278,0.0,0.18,42.22,12.02
12,LIN,Racing Bulls,Red Bull-Ford,,0.03054862842892768,0.012835558163414992,0.013854253255749516,0.07512569385560885,0.02,2.2225500568786245,2.5164348555488347,15,0.0,0.8444505225821295,12.2605,0.0,0.05,35.23,7.5
13,BEA,Haas F1 Team,Ferrari,,0.0385275343750715,0.05666067389665372,0.05949412183826149,0.16402674920943883,0.02,2.1042051404665427,2.1935899186547894,11,0.6,1.3203118155455447,12.2619,0.01,0.38,43.99,16.49
14,SAI,Williams,Mercedes,,0.03398366828027969,0.034200213751335945,0.13539068994181214,0.20947145371741804,0.02,2.0931958673768336,1.9897391881083883,9,-4.5,1.6,12.5814,0.0,0.36,44.05,21.27
15,OCO,Haas F1 Team,Ferrari,,0.0385275343750715,0.05666067389665372,0.010390689941812137,0.12038092355263375,0.02,2.275472570116563,2.4286522443087697,14,1.25,0.8083378919365971,12.8483,0.0,0.04,30.830000000000002,12.139999999999999
16,ALB,Williams,Mercedes,,0.03398366828027969,0.034200213751335945,0.14769893448197688,0.2207251130875354,0.02,2.226195302574304,2.4140218091020897,13,1.8571428571428572,1.6,13.4409,0.0,0.06,32.06,21.790000000000003
17,BOR,Audi,Audi,,0.006435524092993324,0.11085190250181,0.0131250820317627,0.14560569325044603,0.02,2.91884312222603,3.1923609620974296,17,0.5,0.8368478634988594,15.0915,0.0,0.0,6.68,14.330000000000002
18,HUL,Audi,Audi,,0.006435524092993324,0.11085190250181,0.01187507421921387,0.14452348968139306,0.02,2.97269159976139,3.310379806097971,18,0.8333333333333334,0.8238147336418252,15.4384,0.0,0.0,5.050000000000001,14.879999999999999
19,ALO,Aston Martin,Honda,,0.12091863364843705,0.24270718552456066,0.010390689941812137,0.3543714026570629,0.02,3.152679075693989,3.9667986657043164,19,0.5,0.8083378919365971,17.0017,0.0,0.0,1.91,35.510000000000005
20,PER,Cadillac,Ferrari,,0.0385275343750715,0.3465578478047306,0.05432071993928223,0.4177440336562176,0.02,3.2598650202393604,4.030197218266591,20,-0.8571428571428571,1.266371657672019,17.5888,0.0,0.0,1.26,42.38
21,STR,Aston Martin,Honda,,0.12091863364843705,0.24270718552456066,0.0520573566084788,0.3815550510752189,0.02,3.4573304105930354,4.692468251955608,22,-0.5,1.2427728386023515,17.827,0.0,0.0,0.5599999999999999,38.91
22,BOT,Cadillac,Ferrari,,0.0385275343750715,0.3465578478047306,0.010842459069717012,0.3909744117227325,0.02,3.553658637712428,4.5071494060043396,21,-0.4285714285714285,0.8130482350642751,17.9052,0.0,0.0,0.42,38.95
