driver,FP1,FP2,FP3,best_practice_gap_pct
ALB,1.473,2.686,2.073,1.473
ALO,2.323,4.395,2.492,2.323
ANT,0.833,0.534,0.338,0.338
BEA,1.525,3.342,1.703,1.525
BOR,1.234,2.368,1.859,1.234
BOT,3.727,3.28,4.489,3.28
COL,2.027,2.063,1.607,1.607
GAS,1.571,1.448,0.688,0.688
HAD,2.359,1.472,1.207,1.207
HAM,0.415,1.275,0.107,0.107
HUL,1.408,2.426,1.998,1.408
LAW,0.999,2.258,2.213,0.999
LEC,0.383,1.09,0.599,0.383
LIN,1.152,2.945,2.26,1.152
NOR,1.513,1.436,0.94,0.94
OCO,1.174,1.88,1.921,1.174
PER,1.771,2.335,2.003,1.771
PIA,0.959,1.461,0.793,0.793
RUS,0.0,0.0,0.095,0.0
SAI,1.429,2.781,1.619,1.429
STR,2.998,3.925,5.155,2.998
VER,0.38,0.8,0.0,0.0
