driver,team,supplier,p_pu,p_mech,p_incident,p_dnf,p_tyre
ANT,Mercedes,Mercedes,0.03398366828027969,0.010149045989676971,0.012468827930174564,0.07459644453510539,0.02
VER,Red Bull Racing,Red Bull-Ford,0.03054862842892768,0.03340485994316534,0.09372402327514547,0.16774352949192473,0.02
NOR,McLaren,Mercedes,0.03398366828027969,0.060910224438902746,0.010842459069717012,0.12060675997493919,0.02
LEC,Ferrari,Ferrari,0.0385275343750715,0.07991648785014209,0.09372402327514547,0.21431105315825372,0.02
RUS,Mercedes,Mercedes,0.03398366828027969,0.010149045989676971,0.0520573566084788,0.11169437747198718,0.02
LAW,Red Bull Racing,Red Bull-Ford,0.03054862842892768,0.03340485994316534,0.06246882793017457,0.13904108207976817,0.02
COL,Alpine,Mercedes,0.03398366828027969,0.010149045989676971,0.01187507421921387,0.07404004509098261,0.02
PIA,McLaren,Mercedes,0.03398366828027969,0.060910224438902746,0.06246882793017457,0.1665042817592134,0.02
LIN,Racing Bulls,Red Bull-Ford,0.03054862842892768,0.012835558163414992,0.013854253255749516,0.07512569385560885,0.02
HUL,Audi,Audi,0.006435524092993324,0.11085190250181,0.01187507421921387,0.14452348968139306,0.02
OCO,Haas F1 Team,Ferrari,0.0385275343750715,0.05666067389665372,0.010390689941812137,0.12038092355263375,0.02
GAS,Alpine,Mercedes,0.03398366828027969,0.010149045989676971,0.0520573566084788,0.11169437747198718,0.02
BOR,Audi,Audi,0.006435524092993324,0.11085190250181,0.0131250820317627,0.14560569325044603,0.02
TSU,Racing Bulls,Red Bull-Ford,0.03054862842892768,0.012835558163414992,0.09610588912334549,0.15226685164433962,0.02
ALB,Williams,Mercedes,0.03398366828027969,0.034200213751335945,0.14769893448197688,0.2207251130875354,0.02
BEA,Haas F1 Team,Ferrari,0.0385275343750715,0.05666067389665372,0.05949412183826149,0.16402674920943883,0.02
ALO,Aston Martin,Honda,0.12091863364843705,0.24270718552456066,0.010390689941812137,0.3543714026570629,0.02
BOT,Cadillac,Ferrari,0.0385275343750715,0.3465578478047306,0.010842459069717012,0.3909744117227325,0.02
SAI,Williams,Mercedes,0.03398366828027969,0.034200213751335945,0.13539068994181214,0.20947145371741804,0.02
PER,Cadillac,Ferrari,0.0385275343750715,0.3465578478047306,0.05432071993928223,0.4177440336562176,0.02
STR,Aston Martin,Honda,0.12091863364843705,0.24270718552456066,0.0520573566084788,0.3815550510752189,0.02
HAM,Ferrari,Ferrari,0.0385275343750715,0.07991648785014209,0.010390689941812137,0.1420658645126357,0.02
