round,driver,team,grid,clean_laps,pace_gap_pct,quali_gap_pct,quali_speed_trap,supplier
1,RUS,Mercedes,1.0,50,0.1183785344194362,0.0,296.0,Mercedes
1,ANT,Mercedes,2.0,49,0.0,0.37316284164141517,289.0,Mercedes
1,LEC,Ferrari,4.0,48,0.4872066279022315,1.0303369927914587,295.0,Ferrari
1,HAM,Ferrari,7.0,48,0.3816876737714561,1.2226495835349775,296.0,Ferrari
1,NOR,McLaren,6.0,49,0.9847475459186054,1.2188288035864308,291.0,Mercedes
1,VER,Red Bull Racing,20.0,48,1.0661147519971086,,,Red Bull-Ford
1,BEA,Haas F1 Team,12.0,49,2.1254171347822726,2.28355281591483,288.0,Ferrari
1,LIN,Racing Bulls,9.0,46,2.1514112156197718,1.8505310884128519,297.0,Red Bull-Ford
1,BOR,Audi,10.0,49,2.249698665815252,2.168929417458421,290.0,Audi
1,GAS,Alpine,14.0,49,2.482379537019473,2.52553554598946,300.0,Mercedes
1,OCO,Haas F1 Team,13.0,49,2.515033281426488,2.5127996128276306,280.0,Ferrari
1,ALB,Williams,15.0,47,3.088920844701192,3.0859166051096585,287.0,Mercedes
1,LAW,Racing Bulls,8.0,46,2.6992142343505536,1.8798237346850393,306.0,Red Bull-Ford
1,COL,Alpine,16.0,43,2.8826338086268,3.415777274000869,300.0,Mercedes
1,SAI,Williams,21.0,41,3.1699034732382474,,,Mercedes
1,PER,Cadillac,18.0,25,4.673159036621491,5.205175883236969,301.0,Ferrari
1,STR,Aston Martin,22.0,19,4.432650216959955,,,Honda
1,ALO,Aston Martin,17.0,10,3.6306793359517475,4.395170534145028,290.0,Honda
1,BOT,Cadillac,19.0,6,,6.019002012277438,307.0,Ferrari
1,HAD,Red Bull Racing,3.0,9,1.7378494106607618,0.9997707532030828,305.0,Red Bull-Ford
1,PIA,McLaren,5.0,0,,1.0978374385491159,294.0,Mercedes
1,HUL,Audi,11.0,0,,2.2733640693853596,293.0,Audi
2,ANT,Mercedes,1.0,47,0.0,0.0,308.0,Mercedes
2,RUS,Mercedes,2.0,47,0.13604354070089067,0.2411366006256609,309.0,Mercedes
2,HAM,Ferrari,3.0,47,0.6574095718984021,0.3812565172054368,303.0,Ferrari
2,LEC,Ferrari,4.0,47,0.708814921944167,0.395377128953776,304.0,Ferrari
2,BEA,Haas F1 Team,10.0,47,1.4634202149700628,1.2306656239138098,308.0,Ferrari
2,GAS,Alpine,7.0,46,1.3516697127906736,0.8787365311088067,312.0,Mercedes
2,LAW,Racing Bulls,14.0,44,1.8742306535862703,1.8476277372262857,311.0,Red Bull-Ford
2,HAD,Red Bull Racing,9.0,45,1.8613434036232186,1.148114355231146,311.0,Red Bull-Ford
2,SAI,Williams,17.0,44,2.5209075100885556,2.4472106360792494,318.0,Mercedes
2,COL,Alpine,12.0,44,1.925286497037516,1.4044577685088704,317.0,Mercedes
2,HUL,Audi,11.0,42,1.9790795473738805,1.4011991657977128,310.0,Audi
2,LIN,Racing Bulls,15.0,43,2.0577869489115352,1.8682655543969555,312.0,Red Bull-Ford
2,BOT,Cadillac,19.0,45,3.5784084589588616,3.662669447340996,310.0,Ferrari
2,OCO,Haas F1 Team,13.0,41,1.9982199832130074,1.6010601320820341,308.0,Ferrari
2,PER,Cadillac,21.0,43,3.671179373025579,5.259384775808148,313.0,Ferrari
2,VER,Red Bull Racing,8.0,34,1.5007986657786152,1.018856447688567,310.0,Red Bull-Ford
2,ALO,Aston Martin,18.0,20,3.4943707119787693,3.409584636774429,301.0,Honda
2,STR,Aston Martin,20.0,8,3.8382365180602336,4.269855752519999,303.0,Honda
2,PIA,McLaren,5.0,0,,0.5278936392075124,308.0,Mercedes
2,NOR,McLaren,6.0,0,,0.5908932916232308,305.0,Mercedes
2,BOR,Audi,16.0,0,,1.6130083420229555,316.0,Audi
2,ALB,Williams,22.0,0,,2.9414320472714772,314.0,Mercedes
3,ANT,Mercedes,1.0,46,0.0,0.0,282.0,Mercedes
3,PIA,McLaren,3.0,44,0.24094506961329326,0.39874743742819074,283.0,Mercedes
3,LEC,Ferrari,4.0,44,0.3279836406731145,0.5913627249994271,283.0,Ferrari
3,RUS,Mercedes,2.0,45,0.29897111027975304,0.3356687467615711,282.0,Mercedes
3,NOR,McLaren,5.0,44,0.48566007114826715,0.7107616751897995,281.0,Mercedes
3,HAM,Ferrari,6.0,46,0.6660857368490826,0.8887336952848535,276.0,Ferrari
3,GAS,Alpine,7.0,46,1.021918759649968,1.0284079389037788,285.0,Mercedes
3,VER,Red Bull Racing,11.0,46,1.0685973890963993,1.6715853026650687,283.0,Red Bull-Ford
3,LAW,Racing Bulls,14.0,45,1.8497548046079995,1.9340377120457757,285.0,Red Bull-Ford
3,OCO,Haas F1 Team,12.0,43,1.6665144433034702,1.7245263466173957,281.0,Ferrari
3,HUL,Audi,13.0,45,1.837046449832447,1.7797202009506838,282.0,Audi
3,HAD,Red Bull Racing,8.0,43,1.8971713671795818,1.3516862285701283,285.0,Red Bull-Ford
3,BOR,Audi,9.0,44,2.02196735936461,1.3652030908558304,285.0,Audi
3,LIN,Racing Bulls,10.0,43,1.9247009479243085,1.499245308522369,287.0,Red Bull-Ford
3,SAI,Williams,16.0,45,2.2628952519675978,2.420644754331029,291.0,Mercedes
3,COL,Alpine,15.0,43,2.0530036111612855,2.0827231971884808,282.0,Mercedes
3,PER,Cadillac,19.0,44,3.274019770041263,3.8613169929487,283.0,Ferrari
3,ALO,Aston Martin,21.0,42,4.003645043236744,4.356935276757749,280.0,Honda
3,BOT,Cadillac,20.0,34,3.8876347641454565,4.000991236567609,285.0,Ferrari
3,ALB,Williams,17.0,37,2.384717377769939,2.6019959899975085,283.0,Mercedes
3,STR,Aston Martin,22.0,21,3.727246238338079,4.665570298947933,277.0,Honda
3,BEA,Haas F1 Team,18.0,17,2.0303868118430004,2.6042488003784694,277.0,Ferrari
4,ANT,Mercedes,1.0,44,0.0,0.0,325.0,Mercedes
4,NOR,McLaren,4.0,44,0.03931528076451967,0.43850657190369385,313.0,Mercedes
4,PIA,McLaren,7.0,44,0.5687448527054814,0.6082143101209502,317.0,Mercedes
4,RUS,Mercedes,5.0,44,0.9977534835504741,0.45445226542745953,320.0,Mercedes
4,VER,Red Bull Racing,2.0,46,1.0756125420659335,0.18907036606756056,320.0,Red Bull-Ford
4,HAM,Ferrari,6.0,44,1.1620605493523657,0.5934075947060307,318.0,Ferrari
4,COL,Alpine,8.0,44,1.3455983633639954,1.0979748969224796,324.0,Mercedes
4,LEC,Ferrari,3.0,44,0.6515548462906495,0.3929474475500568,323.0,Ferrari
4,SAI,Williams,13.0,44,1.8615421678645112,1.9840998656005882,321.0,Mercedes
4,ALB,Williams,15.0,44,2.0769366348730913,2.1891159251919143,319.0,Mercedes
4,BEA,Haas F1 Team,12.0,43,2.2594580132033317,1.7563042438324352,323.0,Ferrari
4,BOR,Audi,21.0,43,2.3194750801413058,6.764390988405195,281.0,Audi
4,OCO,Haas F1 Team,14.0,43,2.4368137889123154,2.248342786851641,321.0,Ferrari
4,LIN,Racing Bulls,16.0,41,2.8658136655208772,2.6595138841431396,322.0,Red Bull-Ford
4,ALO,Aston Martin,17.0,43,3.618422700556431,3.7586277591744652,302.0,Honda
4,PER,Cadillac,20.0,43,3.9271157052810093,4.748399735757075,318.0,Ferrari
4,STR,Aston Martin,18.0,40,3.6784625924621306,3.8338003143579575,301.0,Honda
4,BOT,Cadillac,19.0,30,4.678670289836105,4.363425134968909,306.0,Ferrari
4,HUL,Audi,10.0,2,,1.8690630766076575,322.0,Audi
4,LAW,Racing Bulls,11.0,3,,1.9374017631381049,317.0,Red Bull-Ford
4,GAS,Alpine,9.0,3,,1.1526458461468376,321.0,Mercedes
4,HAD,Red Bull Racing,22.0,3,,1.1287273058611809,318.0,Red Bull-Ford
5,ANT,Mercedes,2.0,55,0.06256082841097425,0.09369230345283397,319.0,Mercedes
5,HAM,Ferrari,5.0,52,0.2036733590093954,0.3995701176664995,318.0,Ferrari
5,VER,Red Bull Racing,6.0,53,0.31867108315642456,0.4533054093526875,318.0,Red Bull-Ford
5,LEC,Ferrari,8.0,54,0.8245163273893109,0.5483755407974815,321.0,Ferrari
5,HAD,Red Bull Racing,7.0,52,0.6413128349661035,0.491884593127393,320.0,Red Bull-Ford
5,COL,Alpine,10.0,50,1.7689385875138641,1.5417895229959488,320.0,Mercedes
5,LAW,Racing Bulls,12.0,48,2.053952543400573,1.8173551213866497,315.0,Red Bull-Ford
5,GAS,Alpine,14.0,47,1.8622746091625462,2.216925239053149,316.0,Mercedes
5,SAI,Williams,15.0,49,1.9513515594146802,2.335418446361147,317.0,Mercedes
5,BEA,Haas F1 Team,16.0,47,2.116999961619352,2.532447849210496,315.0,Ferrari
5,PIA,McLaren,4.0,47,1.5931066052777192,0.27969908236656144,316.0,Mercedes
5,HUL,Audi,11.0,44,2.189840594402765,1.8021990134751478,316.0,Audi
5,BOR,Audi,13.0,45,2.246249829808696,2.0570971919865455,320.0,Audi
5,OCO,Haas F1 Team,17.0,38,2.947858225108129,3.123536057758544,315.0,Ferrari
5,STR,Aston Martin,22.0,10,4.465932406650639,4.98360384689574,310.0,Honda
5,BOT,Cadillac,21.0,21,4.083293395121736,5.089696602276176,307.0,Ferrari
5,PER,Cadillac,20.0,22,2.753669946131337,3.928187605059383,312.0,Ferrari
5,NOR,McLaren,3.0,24,1.223123656423265,0.20805202678497098,315.0,Mercedes
5,RUS,Mercedes,1.0,23,0.0,0.0,320.0,Mercedes
5,ALO,Aston Martin,19.0,0,,3.6071536829342152,320.0,Honda
5,ALB,Williams,18.0,6,,3.1318030257102647,314.0,Mercedes
5,LIN,Racing Bulls,9.0,0,,0.9672352503513436,320.0,Red Bull-Ford
6,ANT,Mercedes,1.0,63,0.0,0.0,282.0,Mercedes
6,HAM,Ferrari,3.0,62,0.6971490438151599,0.3164425198817427,280.0,Ferrari
6,HAD,Red Bull Racing,5.0,42,1.6888252094992091,0.5315679171697764,281.0,Red Bull-Ford
6,PIA,McLaren,7.0,44,1.639883526937763,0.7952700170712319,281.0,Mercedes
6,LAW,Racing Bulls,10.0,29,2.2328143800133096,1.888939778767823,282.0,Red Bull-Ford
6,LIN,Racing Bulls,15.0,13,2.0083427995184038,3.049229018334239,282.0,Red Bull-Ford
6,GAS,Alpine,9.0,40,1.9191364257551842,1.6307893020221746,284.0,Mercedes
6,ALB,Williams,11.0,13,2.35534228187982,2.4094044496259652,283.0,Mercedes
6,OCO,Haas F1 Team,17.0,22,1.9051797497615799,3.707096362298916,281.0,Ferrari
6,ALO,Aston Martin,21.0,5,,4.577313291973743,278.0,Honda
6,BOR,Audi,16.0,28,2.2375330267393223,3.6529680365296873,284.0,Audi
6,RUS,Mercedes,6.0,41,1.362797293927863,0.5468348808482758,281.0,Mercedes
6,HUL,Audi,13.0,17,1.4076959601455854,2.5690136153557885,282.0,Audi
6,COL,Alpine,14.0,11,1.9893641985695725,2.6980888537286125,283.0,Mercedes
6,PER,Cadillac,18.0,8,2.4170633887298654,3.7417940070228,282.0,Ferrari
6,SAI,Williams,12.0,12,2.16772178199986,2.448265811716695,282.0,Mercedes
6,LEC,Ferrari,4.0,56,0.7295969638939765,0.4163717366865098,279.0,Ferrari
6,STR,Aston Martin,22.0,0,,5.56550221370974,276.0,Honda
6,NOR,McLaren,8.0,23,1.8757962756260207,0.9909647333139008,280.0,Mercedes
6,BEA,Haas F1 Team,19.0,4,,3.8347836948827787,281.0,Ferrari
6,BOT,Cadillac,20.0,0,,4.485711509902707,280.0,Ferrari
6,VER,Red Bull Racing,2.0,0,,0.05967994892505608,280.0,Red Bull-Ford
7,HAM,Ferrari,2.0,55,0.0,0.08570012988924992,333.0,Ferrari
7,RUS,Mercedes,1.0,54,0.17152277773122754,0.0,332.0,Mercedes
7,NOR,McLaren,4.0,54,0.19119131867173167,0.4311787785053398,329.0,Mercedes
7,VER,Red Bull Racing,5.0,56,0.582280208559219,0.45796006909572806,333.0,Red Bull-Ford
7,PIA,McLaren,7.0,56,0.8193402049844493,0.5503555216325893,333.0,Mercedes
7,HAD,Red Bull Racing,6.0,50,1.5074986861083348,0.5329476827488264,328.0,Red Bull-Ford
7,GAS,Alpine,14.0,49,2.5539433930277284,2.1184000857001215,340.0,Mercedes
7,LAW,Racing Bulls,8.0,53,2.5172723224285494,1.2131924637448168,330.0,Red Bull-Ford
7,LIN,Racing Bulls,11.0,42,2.5721989007486834,1.5546539187723474,332.0,Red Bull-Ford
7,COL,Alpine,13.0,49,2.5002504334077154,2.024665568633753,335.0,Mercedes
7,BOR,Audi,12.0,39,3.016218130934417,1.7702433080250173,334.0,Audi
7,SAI,Williams,16.0,44,3.226355591498857,2.9486200940023273,326.0,Mercedes
7,OCO,Haas F1 Team,17.0,34,3.313949850423539,3.2057204836700963,337.0,Ferrari
7,PER,Cadillac,19.0,26,4.127133483397837,3.8377589416033953,334.0,Ferrari
7,LEC,Ferrari,10.0,55,0.6722696764463841,0.806116846770851,329.0,Ferrari
7,ANT,Mercedes,3.0,53,0.19704392387062433,0.42716158491678063,328.0,Mercedes
7,BEA,Haas F1 Team,15.0,18,2.9181951083213553,2.28980034547864,334.0,Ferrari
7,ALB,Williams,18.0,33,3.626553811405144,3.675732133531521,322.0,Mercedes
7,ALO,Aston Martin,22.0,3,,5.53837089409338,324.0,Honda
7,HUL,Audi,9.0,24,2.753237397800932,1.458241272646927,330.0,Audi
7,BOT,Cadillac,20.0,0,,4.121640621861571,334.0,Ferrari
7,STR,Aston Martin,21.0,0,,5.462044215910756,323.0,Honda
8,RUS,Mercedes,1.0,61,0.07065708409495877,0.0,323.0,Mercedes
8,VER,Red Bull Racing,5.0,61,0.0,0.5475473809991904,316.0,Red Bull-Ford
8,ANT,Mercedes,4.0,64,0.08173518866107263,0.45528110961535845,321.0,Mercedes
8,PIA,McLaren,7.0,61,0.4411840257992948,0.6019996067339194,316.0,Mercedes
8,HAM,Ferrari,3.0,61,0.5080042756491259,0.4462057386595703,307.0,Ferrari
8,HAD,Red Bull Racing,8.0,61,0.5951638710218055,0.7850195876756545,311.0,Red Bull-Ford
8,NOR,McLaren,6.0,62,0.6492227175880508,0.5883865503002371,315.0,Mercedes
8,LEC,Ferrari,2.0,59,0.618291990325575,0.35696459092766053,307.0,Ferrari
8,LAW,Racing Bulls,9.0,60,1.7123633938507032,1.2735770574622218,315.0,Red Bull-Ford
8,LIN,Racing Bulls,10.0,60,1.8021144720707003,1.3522302724123931,315.0,Red Bull-Ford
8,BOR,Audi,12.0,60,2.019721539211616,1.7848229546382812,311.0,Audi
8,HUL,Audi,14.0,59,2.2002985340890002,2.2658176152950325,311.0,Audi
8,GAS,Alpine,11.0,59,2.1669497665419297,1.6789436268207454,319.0,Mercedes
8,BEA,Haas F1 Team,13.0,56,2.776226006013288,2.132712174610132,309.0,Ferrari
8,COL,Alpine,16.0,54,2.479639791132021,2.6938726120430263,319.0,Mercedes
8,OCO,Haas F1 Team,15.0,50,2.882714187330875,2.5774053514437303,307.0,Ferrari
8,ALB,Williams,18.0,53,3.1839063682170186,3.6240981350112698,314.0,Mercedes
8,ALO,Aston Martin,21.0,37,4.169299325130653,5.791599231618583,301.0,Honda
8,STR,Aston Martin,22.0,20,3.8462989702814734,6.428387760349704,297.0,Honda
8,SAI,Williams,17.0,16,2.946137891238893,3.2353697457383506,317.0,Mercedes
8,PER,Cadillac,19.0,2,,4.283575091131841,308.0,Ferrari
8,BOT,Cadillac,20.0,0,,4.412142846338846,309.0,Ferrari
9,LEC,Ferrari,2.0,40,0.2341710788659684,0.19861311300518342,300.0,Ferrari
9,RUS,Mercedes,4.0,37,0.5261236190125705,0.41992486749666935,299.0,Mercedes
9,HAM,Ferrari,3.0,39,0.5380519973101069,0.39382142978742063,303.0,Ferrari
9,NOR,McLaren,6.0,39,0.8128285745807375,0.8693579689255497,304.0,Mercedes
9,HAD,Red Bull Racing,5.0,38,1.164652298734368,0.7206818671902383,305.0,Red Bull-Ford
9,LAW,Racing Bulls,10.0,39,1.6123229120533757,1.3494342363609457,303.0,Red Bull-Ford
9,LIN,Racing Bulls,9.0,38,1.651479324710886,1.3551088967325335,306.0,Red Bull-Ford
9,BOR,Audi,11.0,38,1.787654490236732,1.532158300325719,298.0,Audi
9,COL,Alpine,19.0,39,2.166299883606027,3.6431319585522735,300.0,Mercedes
9,GAS,Alpine,15.0,38,2.079498845921629,2.2153874090635655,295.0,Mercedes
9,PIA,McLaren,8.0,38,1.1249362825832396,1.0452724404444307,308.0,Mercedes
9,BEA,Haas F1 Team,13.0,37,2.886504746796779,2.7124876576136923,298.0,Ferrari
9,OCO,Haas F1 Team,17.0,39,2.841132850157929,2.915640498916143,298.0,Ferrari
9,PER,Cadillac,20.0,37,3.406600521054795,3.790673128213264,300.0,Ferrari
9,ANT,Mercedes,1.0,35,0.0,0.0,302.0,Mercedes
9,BOT,Cadillac,18.0,31,3.8489747160026164,3.536448343566637,304.0,Ferrari
9,SAI,Williams,14.0,39,2.896322858224554,2.7817185141469207,301.0,Mercedes
9,ALO,Aston Martin,21.0,15,4.623511019105564,5.4215705190044385,290.0,Honda
9,STR,Aston Martin,22.0,12,4.707129267984898,5.3931972171465485,292.0,Honda
9,VER,Red Bull Racing,7.0,39,0.6821138614682407,0.8875168821146014,302.0,Red Bull-Ford
9,ALB,Williams,16.0,27,2.8949488195044917,2.867973351794896,294.0,Mercedes
9,HUL,Audi,12.0,29,2.0993582543825324,1.6206830021223197,297.0,Audi
10,ANT,Mercedes,1.0,35,0.0,0.0,309.0,Mercedes
10,LEC,Ferrari,4.0,36,0.2993824446796789,0.5097689750002361,307.0,Ferrari
10,VER,Red Bull Racing,2.0,35,0.25684269749874855,0.30375331781028647,297.0,Red Bull-Ford
10,HAM,Ferrari,5.0,36,0.4275511390947236,0.5116853997182778,308.0,Ferrari
10,PIA,McLaren,6.0,36,0.7162616770113093,0.6276290951600705,312.0,Mercedes
10,HAD,Red Bull Racing,21.0,36,0.4884085128140724,1.4009064688916253,295.0,Red Bull-Ford
10,NOR,McLaren,13.0,34,0.3365713964056892,0.42161343797012074,310.0,Mercedes
10,BOR,Audi,8.0,36,1.3823592028878346,1.2140550588821455,309.0,Audi
10,LIN,Racing Bulls,7.0,34,1.0729676331155176,0.7493220647559878,315.0,Red Bull-Ford
10,COL,Alpine,11.0,35,1.6624315936981318,1.9461293011757186,306.0,Mercedes
10,GAS,Alpine,10.0,34,1.6321264517214333,1.887678347275322,303.0,Mercedes
10,LAW,Racing Bulls,9.0,34,1.7247535864494445,1.685495539521469,313.0,Red Bull-Ford
10,HUL,Audi,12.0,36,1.904576066158559,2.2134705493431475,309.0,Audi
10,BEA,Haas F1 Team,14.0,36,2.0026522411570076,2.3169574841176224,304.0,Ferrari
10,ALB,Williams,15.0,36,2.42669982411676,2.6437078985444757,304.0,Mercedes
10,SAI,Williams,19.0,34,1.9516575994849668,2.315041059399581,307.0,Mercedes
10,OCO,Haas F1 Team,16.0,35,2.2859953078400888,3.296250515039141,303.0,Ferrari
10,BOT,Cadillac,17.0,33,3.5354541762294605,3.3173311869376385,307.0,Ferrari
10,ALO,Aston Martin,22.0,21,4.46867254692469,5.405275917248772,301.0,Honda
10,STR,Aston Martin,20.0,12,4.333396322217188,5.572963080077809,298.0,Honda
10,PER,Cadillac,18.0,5,,3.4591466160730535,304.0,Ferrari
10,RUS,Mercedes,3.0,0,,0.48677187838368313,311.0,Mercedes
11,NOR,McLaren,1.0,62,0.0,0.0,327.0,Mercedes
11,VER,Red Bull Racing,4.0,61,0.1559171688131599,0.670923620915203,325.0,Red Bull-Ford
11,ANT,Mercedes,7.0,61,0.22701818307069105,0.3522996619477581,329.0,Mercedes
11,LEC,Ferrari,2.0,61,0.33876134093903115,0.3082622042042814,327.0,Ferrari
11,HAM,Ferrari,5.0,61,0.33137714261573437,0.015542632144754305,329.0,Ferrari
11,HAD,Red Bull Racing,8.0,60,0.8124240850363658,0.840597355162098,330.0,Red Bull-Ford
11,RUS,Mercedes,6.0,61,0.7304023876011755,0.716256298004082,331.0,Mercedes
11,LAW,Racing Bulls,11.0,57,1.9120146161693716,2.0179517401271996,327.0,Red Bull-Ford
11,HUL,Audi,10.0,55,1.745865605492435,1.8547541026072796,329.0,Audi
11,LIN,Racing Bulls,9.0,52,1.7874650532444987,1.3910655769554734,327.0,Red Bull-Ford
11,BOR,Audi,14.0,47,1.7910563831699768,2.41169842112763,331.0,Audi
11,GAS,Alpine,12.0,53,2.005115544365064,2.1202740684134866,335.0,Mercedes
11,STR,Aston Martin,20.0,50,2.056841618806083,4.471097180307502,320.0,Honda
11,ALO,Aston Martin,16.0,39,2.107816976636535,3.368865517375385,320.0,Honda
11,COL,Alpine,13.0,38,2.3811715794097914,2.3572992086209896,335.0,Mercedes
11,OCO,Haas F1 Team,15.0,42,2.612334968581476,3.2730192858160545,329.0,Ferrari
11,ALB,Williams,19.0,28,3.65294627266386,4.4698019609621,332.0,Mercedes
11,SAI,Williams,18.0,29,3.3949753217210477,4.421878845182434,330.0,Mercedes
11,BEA,Haas F1 Team,17.0,27,3.3059329192696993,3.919333739168742,332.0,Ferrari
11,PIA,McLaren,3.0,48,0.2582532113659828,0.6178196277539652,328.0,Mercedes
11,PER,Cadillac,22.0,0,,5.32982760630514,331.0,Ferrari
11,BOT,Cadillac,21.0,0,,4.765111971712413,330.0,Ferrari
12,NOR,McLaren,1.0,58,0.0,0.0,307.0,Mercedes
12,ANT,Mercedes,3.0,58,0.18819779204409748,0.1868948751458058,315.0,Mercedes
12,RUS,Mercedes,2.0,57,0.32149887189986653,0.14333291176595123,319.0,Mercedes
12,HAM,Ferrari,5.0,59,0.29117043023841804,0.46512935092674995,306.0,Ferrari
12,LEC,Ferrari,6.0,57,0.24420532681621673,0.5550637269367652,307.0,Ferrari
12,PIA,McLaren,4.0,57,0.5244115434053975,0.19954189677221326,307.0,Mercedes
12,LAW,Red Bull Racing,8.0,58,1.4072610253882338,0.8009780363391192,315.0,Red Bull-Ford
12,HUL,Audi,13.0,54,2.2043924877998746,2.2961370375054457,301.0,Audi
12,ALO,Aston Martin,18.0,53,2.4288677394881115,3.4947936427638084,307.0,Honda
12,GAS,Alpine,11.0,50,2.2289267495036804,2.0417913803521537,331.0,Mercedes
12,TSU,Racing Bulls,12.0,51,2.3782240240659163,2.057248851228867,309.0,Red Bull-Ford
12,LIN,Racing Bulls,10.0,48,2.480336750235212,1.4361395669097785,308.0,Red Bull-Ford
12,BOR,Audi,9.0,47,2.4848490232126537,1.287185756643195,305.0,Audi
12,COL,Alpine,14.0,41,2.6555631199491727,2.300352711380915,322.0,Mercedes
12,PER,Cadillac,22.0,28,3.696981547494588,4.829757036662308,308.0,Ferrari
12,SAI,Williams,17.0,31,3.210809776274887,3.3879965712519167,321.0,Mercedes
12,ALB,Williams,16.0,40,3.1364593210914493,2.8371485181906406,316.0,Mercedes
12,BOT,Cadillac,21.0,11,3.96345598814963,4.5079605975015085,307.0,Ferrari
12,OCO,Haas F1 Team,15.0,35,2.9054612808272995,2.7739134100586034,308.0,Ferrari
12,STR,Aston Martin,19.0,23,3.048840061691812,3.7308713797900612,303.0,Honda
12,BEA,Haas F1 Team,20.0,0,,3.742113176791306,308.0,Ferrari
12,VER,Red Bull Racing,7.0,0,,0.6393772044461283,313.0,Red Bull-Ford
13,ANT,Mercedes,19.0,45,0.0,0.11737950260436215,330.0,Mercedes
13,RUS,Mercedes,2.0,46,0.08161508872418378,0.07336218912772635,336.0,Mercedes
13,VER,Red Bull Racing,5.0,46,0.3543891804063771,0.34724769520454823,326.0,Red Bull-Ford
13,NOR,McLaren,8.0,45,0.3944206972334879,0.3435795857481619,327.0,Mercedes
13,PIA,McLaren,6.0,46,0.4745696738849572,0.22008656738316168,325.0,Mercedes
13,HAM,Ferrari,4.0,46,0.7995642598163754,0.27510820922895646,330.0,Ferrari
13,GAS,Alpine,1.0,45,0.7073039124364556,0.0,334.0,Mercedes
13,LIN,Racing Bulls,9.0,45,1.049093977375185,0.6113515760643631,324.0,Red Bull-Ford
13,COL,Alpine,7.0,46,0.9973155055945605,0.5306531680238641,332.0,Mercedes
13,TSU,Racing Bulls,15.0,44,1.5667236990789417,2.4075025065414546,315.0,Red Bull-Ford
13,BOR,Audi,10.0,46,1.7059056200452432,0.8937960042060922,326.0,Audi
13,HUL,Audi,12.0,44,1.4351376511678215,1.214144230063819,327.0,Audi
13,SAI,Williams,13.0,45,1.6860608235489898,2.0382461545985886,328.0,Mercedes
13,LAW,Red Bull Racing,22.0,43,1.1713700159900127,1.2654977624532273,324.0,Red Bull-Ford
13,BEA,Haas F1 Team,11.0,46,1.859322264855468,1.186022057564863,328.0,Ferrari
13,OCO,Haas F1 Team,14.0,44,2.028323167769798,2.039468857750706,325.0,Ferrari
13,ALB,Williams,20.0,41,1.78876136092891,3.142347100970818,329.0,Mercedes
13,PER,Cadillac,17.0,40,3.4047381127992904,3.4345731543295885,321.0,Ferrari
13,BOT,Cadillac,16.0,35,3.447706307872255,3.15212872618786,323.0,Ferrari
13,STR,Aston Martin,18.0,11,3.5673654672321207,4.2012080307142945,309.0,Honda
13,ALO,Aston Martin,21.0,14,3.0296605037171713,4.11317340376104,308.0,Honda
13,LEC,Ferrari,3.0,0,,0.2665492871640666,328.0,Ferrari
14,ANT,Mercedes,2.0,52,0.22317722661419334,0.011979438926637567,295.0,Mercedes
14,VER,Red Bull Racing,3.0,52,0.27026216812691917,0.15246558633908408,296.0,Red Bull-Ford
14,NOR,McLaren,1.0,51,0.0,0.0,293.0,Mercedes
14,LEC,Ferrari,5.0,50,0.3545542998004784,0.21236278097230288,295.0,Ferrari
14,RUS,Mercedes,6.0,51,0.3209782717333987,0.3539379682871611,299.0,Mercedes
14,LAW,Red Bull Racing,8.0,49,1.3181783729615488,0.535807631991641,303.0,Red Bull-Ford
14,COL,Alpine,9.0,47,1.6488998618985993,1.1750740547133731,293.0,Mercedes
14,PIA,McLaren,7.0,43,1.186969857530135,0.5118487541383504,292.0,Mercedes
14,LIN,Racing Bulls,10.0,44,1.8480741657752418,1.3253615612476028,298.0,Red Bull-Ford
14,HUL,Audi,11.0,43,1.8231460732996991,1.5235668234884137,305.0,Audi
14,OCO,Haas F1 Team,13.0,44,1.9795307746419022,2.0071005401637954,306.0,Ferrari
14,GAS,Alpine,14.0,41,1.5261354574046286,2.100757971772088,301.0,Mercedes
14,BOR,Audi,12.0,41,1.7721395898329415,1.7032584073880546,306.0,Audi
14,TSU,Racing Bulls,15.0,39,2.070202727867543,2.4612301794737816,300.0,Red Bull-Ford
14,ALB,Williams,16.0,37,3.033152668437172,3.7931259801359167,300.0,Mercedes
14,BEA,Haas F1 Team,22.0,37,2.228828951262402,,,Ferrari
14,ALO,Aston Martin,17.0,33,2.766499178717875,3.881338212232104,292.0,Honda
14,BOT,Cadillac,19.0,9,4.165865279544395,6.737889876285065,284.0,Ferrari
14,SAI,Williams,20.0,16,3.407370961672195,3.7985711796480217,296.0,Mercedes
14,PER,Cadillac,18.0,10,3.0154776739408575,4.453084161003658,286.0,Ferrari
14,STR,Aston Martin,21.0,0,,12.94323924028577,296.0,Honda
14,HAM,Ferrari,4.0,2,,0.20582854155777047,298.0,Ferrari
